model,persona,depth,ceil,delta,lo,hi,sig,b_shared,b_self,cos_sent
Qwen/Qwen2.5-3B-Instruct,default,0.25,0.956,0.232,0.138,0.298,True,0.1,-0.15,0.14
Qwen/Qwen2.5-3B-Instruct,default,0.5,0.955,0.348,0.284,0.403,True,-0.24,0.02,0.13
Qwen/Qwen2.5-3B-Instruct,default,0.75,0.951,0.269,0.204,0.334,True,-0.41,-0.32,0.26
Qwen/Qwen2.5-3B-Instruct,default,1.0,0.95,0.294,0.208,0.368,True,-0.48,-0.31,0.33
Qwen/Qwen2.5-3B-Instruct,stoic,0.25,0.951,0.224,0.139,0.291,True,-0.09,0.15,0.15
Qwen/Qwen2.5-3B-Instruct,stoic,0.5,0.953,0.28,0.231,0.336,True,-0.31,0.1,0.09
Qwen/Qwen2.5-3B-Instruct,stoic,0.75,0.949,0.22,0.159,0.284,True,-0.3,-0.29,0.2
Qwen/Qwen2.5-3B-Instruct,stoic,1.0,0.937,0.215,0.127,0.299,True,-0.32,-0.3,0.27
Qwen/Qwen2.5-7B-Instruct,default,0.25,0.964,0.322,0.259,0.387,True,-0.02,0.07,0.17
Qwen/Qwen2.5-7B-Instruct,default,0.5,0.939,0.182,0.112,0.232,True,-0.33,0.15,0.19
Qwen/Qwen2.5-7B-Instruct,default,0.75,0.956,0.156,0.095,0.215,True,-0.34,-0.36,0.16
Qwen/Qwen2.5-7B-Instruct,default,1.0,0.957,0.155,0.102,0.206,True,-0.46,-0.31,0.09
Qwen/Qwen2.5-7B-Instruct,stoic,0.25,0.967,0.242,0.183,0.3,True,0.32,-0.17,0.16
Qwen/Qwen2.5-7B-Instruct,stoic,0.5,0.948,0.17,0.121,0.213,True,-0.34,0.23,0.25
Qwen/Qwen2.5-7B-Instruct,stoic,0.75,0.953,0.204,0.146,0.264,True,-0.6,0.02,0.12
Qwen/Qwen2.5-7B-Instruct,stoic,1.0,0.944,0.192,0.122,0.26,True,-0.47,-0.31,0.13
Qwen/Qwen2.5-14B-Instruct,default,0.25,0.951,0.107,0.045,0.16,True,-0.19,0.21,0.18
Qwen/Qwen2.5-14B-Instruct,default,0.5,0.948,0.144,0.099,0.188,True,-0.15,-0.04,0.14
Qwen/Qwen2.5-14B-Instruct,default,0.75,0.932,0.224,0.139,0.294,True,-0.29,-0.36,0.27
Qwen/Qwen2.5-14B-Instruct,default,1.0,0.933,0.241,0.149,0.321,True,-0.26,-0.39,0.28
Qwen/Qwen2.5-14B-Instruct,stoic,0.25,0.943,0.092,0.031,0.147,True,0.05,0.31,0.15
Qwen/Qwen2.5-14B-Instruct,stoic,0.5,0.953,0.136,0.093,0.171,True,-0.37,0.41,0.14
Qwen/Qwen2.5-14B-Instruct,stoic,0.75,0.916,0.205,0.109,0.286,True,-0.42,-0.21,0.22
Qwen/Qwen2.5-14B-Instruct,stoic,1.0,0.894,0.21,0.104,0.304,True,-0.29,-0.42,0.23
Qwen/Qwen2.5-0.5B-Instruct,default,0.25,0.932,0.131,0.035,0.209,True,-0.02,0.4,0.02
Qwen/Qwen2.5-0.5B-Instruct,default,0.5,0.937,0.122,0.049,0.186,True,0.33,0.0,0.19
Qwen/Qwen2.5-0.5B-Instruct,default,0.75,0.965,0.201,0.124,0.264,True,0.4,-0.23,0.41
Qwen/Qwen2.5-0.5B-Instruct,default,1.0,0.951,0.199,0.112,0.283,True,0.22,0.05,0.38
Qwen/Qwen2.5-0.5B-Instruct,stoic,0.25,0.904,0.119,-0.036,0.229,False,0.13,0.25,0.02
Qwen/Qwen2.5-0.5B-Instruct,stoic,0.5,0.931,0.066,-0.007,0.125,False,0.38,-0.13,0.22
Qwen/Qwen2.5-0.5B-Instruct,stoic,0.75,0.96,0.116,0.061,0.17,True,0.15,0.04,0.41
Qwen/Qwen2.5-0.5B-Instruct,stoic,1.0,0.946,0.129,0.055,0.194,True,-0.14,0.4,0.37
Qwen/Qwen2.5-1.5B-Instruct,default,0.25,0.929,0.186,0.083,0.264,True,0.24,-0.37,-0.07
Qwen/Qwen2.5-1.5B-Instruct,default,0.5,0.957,0.206,0.141,0.275,True,-0.78,0.46,0.15
Qwen/Qwen2.5-1.5B-Instruct,default,0.75,0.959,0.248,0.176,0.321,True,-0.2,-0.32,0.2
Qwen/Qwen2.5-1.5B-Instruct,default,1.0,0.955,0.19,0.122,0.249,True,-0.13,-0.49,0.28
Qwen/Qwen2.5-1.5B-Instruct,stoic,0.25,0.917,0.229,0.103,0.328,True,-0.2,-0.19,0.03
Qwen/Qwen2.5-1.5B-Instruct,stoic,0.5,0.948,0.123,0.063,0.176,True,-0.44,-0.15,0.16
Qwen/Qwen2.5-1.5B-Instruct,stoic,0.75,0.949,0.248,0.17,0.326,True,-0.24,-0.45,0.26
Qwen/Qwen2.5-1.5B-Instruct,stoic,1.0,0.946,0.151,0.078,0.219,True,-0.42,-0.17,0.32
mistralai/Mistral-7B-Instruct-v0.3,default,0.25,0.923,0.046,-0.01,0.091,False,0.06,-0.24,0.34
mistralai/Mistral-7B-Instruct-v0.3,default,0.5,0.959,0.226,0.169,0.279,True,-0.09,-0.53,0.26
mistralai/Mistral-7B-Instruct-v0.3,default,0.75,0.964,0.17,0.117,0.226,True,-0.42,-0.31,0.39
mistralai/Mistral-7B-Instruct-v0.3,default,1.0,0.972,0.145,0.097,0.197,True,-0.54,-0.14,0.44
mistralai/Mistral-7B-Instruct-v0.3,stoic,0.25,0.917,0.124,0.055,0.185,True,-0.27,0.01,0.22
mistralai/Mistral-7B-Instruct-v0.3,stoic,0.5,0.946,0.146,0.09,0.201,True,-0.52,-0.21,0.17
mistralai/Mistral-7B-Instruct-v0.3,stoic,0.75,0.956,0.099,0.038,0.152,True,-0.57,-0.23,0.13
mistralai/Mistral-7B-Instruct-v0.3,stoic,1.0,0.96,0.076,0.023,0.127,True,-0.55,-0.2,0.14
